EmployeeID,LastName,FirstName,Email,PhoneNumber,Salary
1,Smith,John,john.smith@example.com,5551234567,55000
2,Johnson,Emily,emily.johnson@example.com,5552345678,62000
3,Williams,Michael,michael.williams@example.com,5553456789,75000
4,Brown,Jessica,jessica.brown@example.com,5554567890,80000
5,Jones,Daniel,daniel.jones@example.com,5555678901,90000
6,Garcia,Laura,laura.garcia@example.com,5556789012,67000
7,Miller,Christopher,christopher.miller@example.com,5557890123,72000
8,Davis,Sarah,sarah.davis@example.com,5558901234,51000
9,Rodriguez,David,david.rodriguez@example.com,5559012345,53000
10,Martinez,Sophia,sophia.martinez@example.com,5550123456,61000
11,Hernandez,James,james.hernandez@example.com,5551230987,100000
12,Lopez,Olivia,olivia.lopez@example.com,5552340987,45000
13,Gonzalez,Joshua,joshua.gonzalez@example.com,5553450987,95000
14,Wilson,Mia,mia.wilson@example.com,5554560987,64000
15,Anderson,Benjamin,benjamin.anderson@example.com,5555670987,88000
16,Thomas,Abigail,abigail.thomas@example.com,5556780987,60000
17,Taylor,Alexander,alexander.taylor@example.com,5557890987,120000
18,Moore,Isabella,isabella.moore@example.com,5558900987,70000
19,Jackson,Andrew,andrew.jackson@example.com,5559010987,53000
20,Martin,Charlotte,charlotte.martin@example.com,5550123987,65000
21,Lee,William,william.lee@example.com,5551234560,95000
22,Perez,Evelyn,evelyn.perez@example.com,5552345670,58000
23,Thompson,Samuel,samuel.thompson@example.com,5553456780,87000
24,White,Amelia,amelia.white@example.com,5554567890,92000
25,Harris,Elijah,elijah.harris@example.com,5555678900,98000
26,Sanchez,Ava,ava.sanchez@example.com,5556789010,63000
27,Clark,Joseph,joseph.clark@example.com,5557890120,150000
28,Ramirez,Victoria,victoria.ramirez@example.com,5558901230,53000
29,Lewis,Liam,liam.lewis@example.com,5559012340,105000
30,Robinson,Grace,grace.robinson@example.com,5550123450,110000
